{"stats":{"minecraft:mined":{"minecraft:gray_terracotta":4,"minecraft:jungle_leaves":1,"minecraft:crafting_table":3,"minecraft:light_gray_terracotta":8,"minecraft:granite":2,"minecraft:short_grass":5,"minecraft:red_sand":9,"minecraft:jungle_log":5,"minecraft:copper_ore":1,"minecraft:sugar_cane":27,"minecraft:seagrass":1,"minecraft:white_terracotta":15,"minecraft:furnace":3,"minecraft:iron_ore":17,"minecraft:oak_log":12,"minecraft:coal_ore":53,"minecraft:vine":1,"minecraft:terracotta":11,"minecraft:stone":82,"minecraft:gold_ore":51,"minecraft:oak_leaves":1,"minecraft:fern":1},"minecraft:broken":{"minecraft:brush":2},"minecraft:custom":{"minecraft:interact_with_furnace":15,"minecraft:mob_kills":28,"minecraft:interact_with_crafting_table":9,"minecraft:time_since_death":11983,"minecraft:climb_one_cm":595,"minecraft:time_since_rest":12007,"minecraft:sprint_one_cm":88573,"minecraft:damage_taken":1114,"minecraft:walk_one_cm":54736,"minecraft:drop":6,"minecraft:damage_dealt":3784,"minecraft:swim_one_cm":14280,"minecraft:fly_one_cm":218704,"minecraft:crouch_one_cm":17650,"minecraft:play_time":109872,"minecraft:deaths":2,"minecraft:sneak_time":6023,"minecraft:walk_under_water_one_cm":5099,"minecraft:jump":1269,"minecraft:walk_on_water_one_cm":6523,"minecraft:total_world_time":109872,"minecraft:fall_one_cm":43206},"minecraft:dropped":{"minecraft:sugar_cane":2,"minecraft:wheat_seeds":1,"minecraft:cooked_beef":4,"minecraft:jungle_sapling":1,"minecraft:stone_pickaxe":1,"minecraft:wooden_pickaxe":1},"minecraft:used":{"minecraft:cooked_mutton":3,"minecraft:red_sand":9,"minecraft:stone_sword":47,"minecraft:stone_pickaxe":52,"minecraft:wooden_pickaxe":12,"minecraft:white_terracotta":7,"minecraft:terracotta":6,"minecraft:crafting_table":4,"minecraft:light_gray_terracotta":8,"minecraft:granite":2,"minecraft:iron_pickaxe":188,"minecraft:stone_axe":36,"minecraft:cobblestone":47,"minecraft:oak_sapling":1,"minecraft:furnace":3,"minecraft:brush":4,"minecraft:cooked_beef":6},"minecraft:crafted":{"minecraft:cooked_beef":1,"minecraft:stone_shovel":1,"minecraft:crafting_table":2,"minecraft:wooden_pickaxe":1,"minecraft:brush":2,"minecraft:furnace":1,"minecraft:copper_ingot":2,"minecraft:stone_axe":1,"minecraft:cooked_mutton":4,"minecraft:air":0,"minecraft:jungle_planks":20,"minecraft:stick":16,"minecraft:iron_ingot":7,"minecraft:iron_pickaxe":1,"minecraft:stone_pickaxe":1,"minecraft:stone_sword":1,"minecraft:gold_ingot":3},"minecraft:killed_by":{"minecraft:creeper":1},"minecraft:picked_up":{"minecraft:crafting_table":3,"minecraft:feather":2,"minecraft:cooked_beef":4,"minecraft:chicken":4,"minecraft:leather":4,"minecraft:jungle_log":5,"minecraft:oak_log":11,"minecraft:string":5,"minecraft:raw_copper":4,"minecraft:gray_terracotta":4,"minecraft:wheat_seeds":1,"minecraft:orange_tulip":1,"minecraft:red_sand":9,"minecraft:raw_gold":51,"minecraft:beef":9,"minecraft:jungle_sapling":2,"minecraft:poppy":1,"minecraft:sugar_cane":66,"minecraft:furnace":3,"minecraft:stick":2,"minecraft:raw_iron":17,"minecraft:porkchop":9,"minecraft:light_gray_terracotta":8,"minecraft:rotten_flesh":2,"minecraft:armadillo_scute":9,"minecraft:granite":2,"minecraft:terracotta":11,"minecraft:white_terracotta":15,"minecraft:oak_sapling":1,"minecraft:mutton":4,"minecraft:coal":152,"minecraft:white_wool":3,"minecraft:cobblestone":80,"minecraft:ender_pearl":1},"minecraft:killed":{"minecraft:armadillo":1,"minecraft:husk":2,"minecraft:pig":4,"minecraft:spider":4,"minecraft:creeper":1,"minecraft:sheep":3,"minecraft:zombie":5,"minecraft:chicken":4,"minecraft:cow":3,"minecraft:enderman":1}},"DataVersion":3953}