{"stats":{"minecraft:custom":{"minecraft:interact_with_furnace":22,"minecraft:mob_kills":20,"minecraft:interact_with_crafting_table":28,"minecraft:bell_ring":46,"minecraft:time_since_death":81565,"minecraft:sleep_in_bed":3,"minecraft:time_since_rest":30869,"minecraft:sprint_one_cm":203973,"minecraft:damage_taken":925,"minecraft:walk_one_cm":167656,"minecraft:damage_blocked_by_shield":1685,"minecraft:drop":19,"minecraft:damage_dealt":4175,"minecraft:swim_one_cm":887,"minecraft:fly_one_cm":254227,"minecraft:open_chest":6,"minecraft:crouch_one_cm":48105,"minecraft:play_time":81565,"minecraft:sneak_time":13650,"minecraft:walk_under_water_one_cm":1215,"minecraft:jump":1431,"minecraft:walk_on_water_one_cm":21716,"minecraft:total_world_time":81565,"minecraft:fall_one_cm":34792},"minecraft:mined":{"minecraft:diamond_ore":3,"minecraft:oak_slab":7,"minecraft:white_bed":3,"minecraft:obsidian":14,"minecraft:brewing_stand":1,"minecraft:crafting_table":4,"minecraft:torch":1,"minecraft:short_grass":24,"minecraft:grass_block":135,"minecraft:tall_grass":1,"minecraft:cobblestone":10,"minecraft:deepslate_gold_ore":1,"minecraft:lapis_ore":3,"minecraft:oak_planks":49,"minecraft:composter":2,"minecraft:oxeye_daisy":1,"minecraft:spawner":3,"minecraft:hay_block":34,"minecraft:raw_iron_block":1,"minecraft:furnace":2,"minecraft:carrots":5,"minecraft:iron_ore":66,"minecraft:andesite":13,"minecraft:yellow_bed":7,"minecraft:bell":5,"minecraft:oak_log":60,"minecraft:coal_ore":36,"minecraft:deepslate_iron_ore":2,"minecraft:dirt_path":8,"minecraft:rail":16,"minecraft:dirt":119,"minecraft:cobweb":34,"minecraft:stone":45,"minecraft:deepslate":33},"minecraft:dropped":{"minecraft:stone_hoe":1,"minecraft:stone_axe":2,"minecraft:wheat_seeds":3,"minecraft:oak_trapdoor":1,"minecraft:stone_sword":1,"minecraft:oak_planks":1,"minecraft:grass_block":1,"minecraft:oxeye_daisy":6,"minecraft:brewing_stand":1,"minecraft:oak_sapling":2,"minecraft:stone_pickaxe":2,"minecraft:wooden_pickaxe":1,"minecraft:iron_pickaxe":1},"minecraft:crafted":{"minecraft:oak_slab":126,"minecraft:oak_planks":236,"minecraft:raw_iron":9,"minecraft:stone_shovel":1,"minecraft:crafting_table":1,"minecraft:iron_helmet":1,"minecraft:baked_potato":3,"minecraft:wooden_pickaxe":1,"minecraft:iron_sword":1,"minecraft:furnace":2,"minecraft:bone_meal":3,"minecraft:bucket":1,"minecraft:stone_axe":1,"minecraft:bread":77,"minecraft:air":0,"minecraft:oak_trapdoor":4,"minecraft:iron_boots":1,"minecraft:iron_chestplate":1,"minecraft:diamond_pickaxe":1,"minecraft:shield":1,"minecraft:iron_axe":1,"minecraft:stick":32,"minecraft:iron_ingot":41,"minecraft:iron_pickaxe":1,"minecraft:stone_pickaxe":1,"minecraft:stone_sword":1,"minecraft:chest":2,"minecraft:iron_shovel":1,"minecraft:iron_leggings":1,"minecraft:torch":36,"minecraft:stone_hoe":1,"minecraft:wheat":297},"minecraft:killed":{"minecraft:cave_spider":4,"minecraft:zombie_villager":1,"minecraft:spider":3,"minecraft:iron_golem":1,"minecraft:skeleton":4,"minecraft:zombie":6,"minecraft:enderman":1},"minecraft:used":{"minecraft:oak_trapdoor":3,"minecraft:water_bucket":22,"minecraft:stone_sword":89,"minecraft:iron_shovel":153,"minecraft:rabbit":1,"minecraft:stone_shovel":49,"minecraft:stone_pickaxe":125,"minecraft:baked_potato":3,"minecraft:oak_planks":128,"minecraft:chest":2,"minecraft:shield":18,"minecraft:wooden_pickaxe":4,"minecraft:iron_sword":34,"minecraft:composter":2,"minecraft:bell":3,"minecraft:stone_hoe":121,"minecraft:torch":31,"minecraft:dirt":282,"minecraft:oak_slab":98,"minecraft:crafting_table":5,"minecraft:carrot":15,"minecraft:white_bed":3,"minecraft:diamond_pickaxe":16,"minecraft:apple":2,"minecraft:iron_axe":25,"minecraft:grass_block":1,"minecraft:bread":20,"minecraft:iron_pickaxe":117,"minecraft:iron_helmet":1,"minecraft:iron_boots":1,"minecraft:stone_axe":92,"minecraft:cobblestone":14,"minecraft:furnace":3,"minecraft:bucket":23,"minecraft:yellow_bed":7,"minecraft:potato":1,"minecraft:iron_leggings":1,"minecraft:bone_meal":3},"minecraft:picked_up":{"minecraft:crafting_table":4,"minecraft:andesite":9,"minecraft:oak_log":59,"minecraft:brewing_stand":2,"minecraft:yellow_bed":7,"minecraft:lapis_lazuli":21,"minecraft:string":66,"minecraft:dirt":282,"minecraft:bone":2,"minecraft:bow":1,"minecraft:cobbled_deepslate":30,"minecraft:wheat_seeds":9,"minecraft:raw_gold":1,"minecraft:rabbit_hide":1,"minecraft:bell":5,"minecraft:stone_pickaxe":1,"minecraft:iron_ingot":6,"minecraft:iron_pickaxe":1,"minecraft:rabbit":1,"minecraft:poppy":2,"minecraft:oak_planks":49,"minecraft:furnace":2,"minecraft:oak_slab":9,"minecraft:raw_iron":77,"minecraft:composter":2,"minecraft:raw_iron_block":1,"minecraft:torch":5,"minecraft:carrot":15,"minecraft:white_bed":3,"minecraft:grass_block":2,"minecraft:spider_eye":1,"minecraft:arrow":5,"minecraft:rotten_flesh":7,"minecraft:diamond":3,"minecraft:stone_axe":1,"minecraft:hay_block":33,"minecraft:obsidian":14,"minecraft:oak_sapling":2,"minecraft:rail":16,"minecraft:coal":69,"minecraft:oxeye_daisy":8,"minecraft:cobblestone":59,"minecraft:ender_pearl":1}},"DataVersion":3953}