{"stats":{"minecraft:custom":{"minecraft:interact_with_furnace":2,"minecraft:mob_kills":3,"minecraft:interact_with_crafting_table":11,"minecraft:bell_ring":46,"minecraft:time_since_death":33565,"minecraft:sleep_in_bed":1,"minecraft:time_since_rest":14239,"minecraft:sprint_one_cm":70592,"minecraft:damage_taken":60,"minecraft:walk_one_cm":67160,"minecraft:drop":12,"minecraft:damage_dealt":1561,"minecraft:fly_one_cm":125543,"minecraft:open_chest":2,"minecraft:crouch_one_cm":22523,"minecraft:play_time":33565,"minecraft:sneak_time":5441,"minecraft:walk_under_water_one_cm":408,"minecraft:jump":686,"minecraft:walk_on_water_one_cm":2007,"minecraft:total_world_time":33565,"minecraft:fall_one_cm":16323},"minecraft:mined":{"minecraft:white_bed":3,"minecraft:brewing_stand":1,"minecraft:crafting_table":1,"minecraft:torch":1,"minecraft:short_grass":8,"minecraft:grass_block":128,"minecraft:tall_grass":1,"minecraft:cobblestone":10,"minecraft:composter":2,"minecraft:iron_ore":2,"minecraft:yellow_bed":7,"minecraft:bell":5,"minecraft:oak_log":60,"minecraft:coal_ore":1,"minecraft:dirt_path":8,"minecraft:dirt":105,"minecraft:stone":26},"minecraft:dropped":{"minecraft:stone_axe":1,"minecraft:wheat_seeds":3,"minecraft:oak_planks":1,"minecraft:grass_block":1,"minecraft:oxeye_daisy":6,"minecraft:brewing_stand":1,"minecraft:oak_sapling":2,"minecraft:wooden_pickaxe":1},"minecraft:crafted":{"minecraft:oak_slab":126,"minecraft:oak_planks":236,"minecraft:stone_shovel":1,"minecraft:crafting_table":1,"minecraft:wooden_pickaxe":1,"minecraft:furnace":1,"minecraft:bucket":1,"minecraft:stone_axe":1,"minecraft:air":0,"minecraft:stick":16,"minecraft:iron_ingot":1,"minecraft:stone_pickaxe":1,"minecraft:stone_sword":1,"minecraft:iron_shovel":1,"minecraft:stone_hoe":1},"minecraft:killed":{"minecraft:spider":1,"minecraft:iron_golem":1,"minecraft:enderman":1},"minecraft:used":{"minecraft:water_bucket":2,"minecraft:stone_sword":26,"minecraft:iron_shovel":147,"minecraft:stone_shovel":49,"minecraft:stone_pickaxe":47,"minecraft:oak_planks":43,"minecraft:wooden_pickaxe":4,"minecraft:bell":3,"minecraft:stone_hoe":80,"minecraft:torch":1,"minecraft:dirt":181,"minecraft:crafting_table":2,"minecraft:white_bed":1,"minecraft:bread":4,"minecraft:stone_axe":56,"minecraft:cobblestone":14,"minecraft:furnace":1,"minecraft:bucket":2,"minecraft:yellow_bed":5},"minecraft:picked_up":{"minecraft:crafting_table":1,"minecraft:oak_log":59,"minecraft:brewing_stand":2,"minecraft:yellow_bed":7,"minecraft:dirt":241,"minecraft:wheat_seeds":7,"minecraft:rabbit_hide":1,"minecraft:bell":5,"minecraft:iron_ingot":3,"minecraft:rabbit":1,"minecraft:poppy":2,"minecraft:oak_planks":1,"minecraft:raw_iron":2,"minecraft:composter":2,"minecraft:torch":4,"minecraft:white_bed":3,"minecraft:grass_block":2,"minecraft:spider_eye":1,"minecraft:stone_axe":1,"minecraft:oak_sapling":2,"minecraft:coal":1,"minecraft:oxeye_daisy":6,"minecraft:cobblestone":35,"minecraft:ender_pearl":1}},"DataVersion":3953}