{"stats":{"minecraft:custom":{"minecraft:open_chest":2,"minecraft:time_since_rest":9565,"minecraft:crouch_one_cm":3249,"minecraft:play_time":9565,"minecraft:sprint_one_cm":14632,"minecraft:damage_taken":40,"minecraft:walk_one_cm":6899,"minecraft:sneak_time":1182,"minecraft:drop":1,"minecraft:jump":128,"minecraft:time_since_death":9565,"minecraft:total_world_time":9565,"minecraft:fall_one_cm":4627,"minecraft:fly_one_cm":36053},"minecraft:mined":{"minecraft:short_grass":1,"minecraft:grass_block":19,"minecraft:white_bed":1,"minecraft:dirt":20,"minecraft:tall_grass":1,"minecraft:yellow_bed":4},"minecraft:dropped":{"minecraft:wheat_seeds":1},"minecraft:used":{"minecraft:dirt":24,"minecraft:bread":2},"minecraft:picked_up":{"minecraft:wheat_seeds":1,"minecraft:white_bed":1,"minecraft:yellow_bed":4,"minecraft:dirt":39}},"DataVersion":3953}