{"stats":{"minecraft:custom":{"minecraft:interact_with_anvil":16,"minecraft:mob_kills":65,"minecraft:interact_with_crafting_table":34,"minecraft:open_barrel":1,"minecraft:bell_ring":70,"minecraft:time_since_death":5429,"minecraft:sprint_one_cm":354017,"minecraft:walk_one_cm":338521,"minecraft:damage_blocked_by_shield":3114,"minecraft:drop":186,"minecraft:talked_to_villager":1,"minecraft:deaths":2,"minecraft:play_time":183468,"minecraft:sneak_time":24455,"minecraft:walk_under_water_one_cm":5379,"minecraft:boat_one_cm":7869,"minecraft:jump":3341,"minecraft:walk_on_water_one_cm":61459,"minecraft:enchant_item":69,"minecraft:total_world_time":183468,"minecraft:interact_with_furnace":24,"minecraft:sleep_in_bed":7,"minecraft:time_since_rest":5518,"minecraft:damage_absorbed":50,"minecraft:damage_taken":3597,"minecraft:damage_dealt":12278,"minecraft:swim_one_cm":1455,"minecraft:fly_one_cm":779611,"minecraft:open_chest":15,"minecraft:crouch_one_cm":90150,"minecraft:aviate_one_cm":97818,"minecraft:fall_one_cm":99017},"minecraft:mined":{"minecraft:diamond_ore":3,"minecraft:white_bed":4,"minecraft:quartz_stairs":3,"minecraft:brewing_stand":1,"minecraft:obsidian":28,"minecraft:nether_bricks":14,"minecraft:granite":8,"minecraft:stripped_crimson_hyphae":2,"minecraft:grass_block":279,"minecraft:composter":2,"minecraft:oxeye_daisy":3,"minecraft:cracked_nether_bricks":1,"minecraft:spawner":3,"minecraft:hay_block":34,"minecraft:raw_iron_block":1,"minecraft:furnace":2,"minecraft:carrots":31,"minecraft:iron_ore":67,"minecraft:fire":3,"minecraft:andesite":13,"minecraft:gold_block":2,"minecraft:bell":5,"minecraft:nether_brick_fence":1,"minecraft:potatoes":1,"minecraft:dirt_path":11,"minecraft:deepslate_iron_ore":2,"minecraft:rail":16,"minecraft:oak_stairs":2,"minecraft:quartz_slab":1,"minecraft:stone":83,"minecraft:bone_block":21,"minecraft:oak_slab":8,"minecraft:twisting_vines_plant":1,"minecraft:basalt":84,"minecraft:crafting_table":6,"minecraft:torch":1,"minecraft:short_grass":41,"minecraft:cobblestone":11,"minecraft:tall_grass":1,"minecraft:lapis_ore":3,"minecraft:deepslate_gold_ore":1,"minecraft:polished_blackstone_brick_stairs":1,"minecraft:oak_planks":49,"minecraft:iron_door":1,"minecraft:diorite":3,"minecraft:warped_planks":1,"minecraft:wheat":2,"minecraft:black_bed":1,"minecraft:yellow_bed":14,"minecraft:coal_ore":36,"minecraft:oak_log":60,"minecraft:gravel":2,"minecraft:dirt":267,"minecraft:crimson_planks":2,"minecraft:cobweb":34,"minecraft:stone_bricks":2,"minecraft:netherrack":129,"minecraft:deepslate":33},"minecraft:killed_by":{"minecraft:wither_skeleton":1,"minecraft:ender_dragon":1},"minecraft:dropped":{"minecraft:porkchop":1,"minecraft:enchanted_book":3,"minecraft:stone_hoe":1,"minecraft:netherite_pickaxe":7,"minecraft:soul_sand":4,"minecraft:wheat_seeds":6,"minecraft:oak_log":128,"minecraft:ender_pearl":34,"minecraft:bookshelf":64,"minecraft:netherite_axe":2,"minecraft:netherite_chestplate":12,"minecraft:netherite_helmet":13,"minecraft:poisonous_potato":1,"minecraft:granite":8,"minecraft:grass_block":2,"minecraft:oxeye_daisy":8,"minecraft:dirt":4,"minecraft:mace":8,"minecraft:diorite":3,"minecraft:brewing_stand":1,"minecraft:mutton":1,"minecraft:iron_door":1,"minecraft:netherite_boots":20,"minecraft:iron_pickaxe":1,"minecraft:white_wool":1,"minecraft:bone":9,"minecraft:gold_ingot":15,"minecraft:anvil":2,"minecraft:stone_axe":2,"minecraft:blackstone":23,"minecraft:oak_trapdoor":1,"minecraft:stone_sword":1,"minecraft:twisting_vines":1,"minecraft:netherite_sword":13,"minecraft:rotten_flesh":3,"minecraft:oak_planks":1,"minecraft:azure_bluet":7,"minecraft:warped_planks":1,"minecraft:carrot":390,"minecraft:netherite_leggings":16,"minecraft:wind_charge":128,"minecraft:stone":38,"minecraft:trident":4,"minecraft:quartz_stairs":3,"minecraft:oak_sapling":2,"minecraft:stone_bricks":2,"minecraft:arrow":64,"minecraft:bow":1,"minecraft:beef":2,"minecraft:iron_ore":1,"minecraft:stone_pickaxe":2,"minecraft:wooden_pickaxe":1,"minecraft:crying_obsidian":4,"minecraft:cracked_nether_bricks":1,"minecraft:enchanting_table":1,"minecraft:quartz_slab":1,"minecraft:firework_rocket":192},"minecraft:broken":{"minecraft:iron_shovel":1,"minecraft:shield":1},"minecraft:crafted":{"minecraft:oak_planks":492,"minecraft:raw_iron":9,"minecraft:stone_shovel":1,"minecraft:furnace":2,"minecraft:bone_meal":27,"minecraft:flint_and_steel":1,"minecraft:oak_trapdoor":4,"minecraft:iron_boots":1,"minecraft:iron_axe":1,"minecraft:stone_pickaxe":1,"minecraft:chest":2,"minecraft:stone_hoe":1,"minecraft:wheat":297,"minecraft:oak_slab":126,"minecraft:crafting_table":2,"minecraft:wooden_pickaxe":1,"minecraft:baked_potato":14,"minecraft:iron_helmet":1,"minecraft:iron_sword":1,"minecraft:bucket":1,"minecraft:stone_axe":1,"minecraft:bread":98,"minecraft:air":0,"minecraft:oak_boat":1,"minecraft:iron_chestplate":1,"minecraft:diamond_pickaxe":1,"minecraft:shield":2,"minecraft:stick":36,"minecraft:iron_ingot":41,"minecraft:iron_pickaxe":1,"minecraft:stone_sword":1,"minecraft:gold_ingot":18,"minecraft:iron_shovel":2,"minecraft:iron_leggings":1,"minecraft:torch":36},"minecraft:killed":{"minecraft:cave_spider":4,"minecraft:witch":1,"minecraft:spider":5,"minecraft:skeleton":17,"minecraft:cat":1,"minecraft:piglin":1,"minecraft:pig":1,"minecraft:zombie_villager":1,"minecraft:iron_golem":1,"minecraft:ender_dragon":1,"minecraft:creeper":1,"minecraft:sheep":1,"minecraft:zombie":14,"minecraft:ghast":2,"minecraft:wither_skeleton":4,"minecraft:villager":5,"minecraft:cow":1,"minecraft:enderman":3},"minecraft:used":{"minecraft:trident":11,"minecraft:oak_trapdoor":3,"minecraft:enchanting_table":3,"minecraft:netherite_sword":18,"minecraft:stone_sword":89,"minecraft:iron_shovel":438,"minecraft:flint_and_steel":3,"minecraft:stone_shovel":49,"minecraft:elytra":3,"minecraft:chest":2,"minecraft:shield":44,"minecraft:iron_sword":73,"minecraft:bell":5,"minecraft:stone_hoe":121,"minecraft:netherrack":120,"minecraft:torch":31,"minecraft:dirt":531,"minecraft:anvil":5,"minecraft:carrot":99,"minecraft:obsidian":24,"minecraft:bookshelf":22,"minecraft:villager_spawn_egg":4,"minecraft:grass_block":1,"minecraft:iron_axe":55,"minecraft:iron_helmet":1,"minecraft:iron_boots":1,"minecraft:crimson_planks":2,"minecraft:golden_carrot":2,"minecraft:basalt":50,"minecraft:bow":32,"minecraft:furnace":3,"minecraft:netherite_pickaxe":59,"minecraft:minecart":1,"minecraft:potato":1,"minecraft:cobbled_deepslate":30,"minecraft:iron_leggings":1,"minecraft:wheat_seeds":2,"minecraft:water_bucket":34,"minecraft:rabbit":1,"minecraft:netherite_chestplate":3,"minecraft:stone_pickaxe":125,"minecraft:baked_potato":8,"minecraft:oak_planks":159,"minecraft:ender_pearl":1,"minecraft:wooden_pickaxe":4,"minecraft:composter":2,"minecraft:golden_apple":4,"minecraft:rail":5,"minecraft:oak_slab":106,"minecraft:crafting_table":7,"minecraft:red_bed":2,"minecraft:white_bed":3,"minecraft:oak_log":3,"minecraft:ender_eye":10,"minecraft:firework_rocket":33,"minecraft:diamond_pickaxe":289,"minecraft:apple":2,"minecraft:oxeye_daisy":6,"minecraft:mace":21,"minecraft:wind_charge":10,"minecraft:bread":50,"minecraft:iron_pickaxe":117,"minecraft:stone_axe":92,"minecraft:fire_charge":1,"minecraft:cobblestone":33,"minecraft:stripped_crimson_hyphae":2,"minecraft:bucket":30,"minecraft:andesite":9,"minecraft:yellow_bed":11,"minecraft:oak_boat":3,"minecraft:stripped_oak_log":23,"minecraft:bone_meal":147},"minecraft:picked_up":{"minecraft:crafting_table":6,"minecraft:wheat":1,"minecraft:anvil":2,"minecraft:azure_bluet":7,"minecraft:nether_brick_fence":1,"minecraft:oak_stairs":2,"minecraft:enchanted_book":3,"minecraft:gold_block":2,"minecraft:potion":1,"minecraft:crimson_planks":2,"minecraft:brewing_stand":2,"minecraft:wind_charge":128,"minecraft:string":66,"minecraft:quartz_slab":1,"minecraft:blackstone":23,"minecraft:cobbled_deepslate":30,"minecraft:netherite_sword":12,"minecraft:beef":2,"minecraft:oak_boat":3,"minecraft:poppy":2,"minecraft:iron_pickaxe":1,"minecraft:quartz_stairs":3,"minecraft:egg":2,"minecraft:furnace":2,"minecraft:stripped_crimson_hyphae":2,"minecraft:raw_iron":77,"minecraft:stone":38,"minecraft:composter":2,"minecraft:torch":5,"minecraft:fire_charge":2,"minecraft:porkchop":1,"minecraft:crimson_button":1,"minecraft:mace":8,"minecraft:diorite":3,"minecraft:trident":4,"minecraft:warped_planks":1,"minecraft:carrot":170,"minecraft:netherite_pickaxe":7,"minecraft:arrow":76,"minecraft:rotten_flesh":14,"minecraft:nether_bricks":7,"minecraft:hay_block":33,"minecraft:netherite_chestplate":11,"minecraft:gold_ingot":2,"minecraft:mutton":1,"minecraft:white_wool":1,"minecraft:obsidian":29,"minecraft:bone_block":20,"minecraft:cobblestone":60,"minecraft:rail":16,"minecraft:oxeye_daisy":16,"minecraft:netherite_boots":14,"minecraft:basalt":50,"minecraft:iron_door":1,"minecraft:andesite":9,"minecraft:leather":4,"minecraft:black_bed":1,"minecraft:potato":4,"minecraft:flint":1,"minecraft:oak_log":59,"minecraft:yellow_bed":14,"minecraft:netherite_leggings":12,"minecraft:dirt":567,"minecraft:lapis_lazuli":21,"minecraft:twisting_vines":1,"minecraft:bone":22,"minecraft:stone_bricks":2,"minecraft:bow":3,"minecraft:wheat_seeds":14,"minecraft:raw_gold":1,"minecraft:bell":5,"minecraft:rabbit_hide":1,"minecraft:iron_ingot":6,"minecraft:stone_pickaxe":1,"minecraft:iron_ore":1,"minecraft:netherite_axe":2,"minecraft:rabbit":1,"minecraft:soul_sand":4,"minecraft:oak_planks":49,"minecraft:oak_slab":10,"minecraft:cracked_nether_bricks":1,"minecraft:poisonous_potato":1,"minecraft:raw_iron_block":1,"minecraft:gravel":1,"minecraft:spectral_arrow":11,"minecraft:white_bed":4,"minecraft:grass_block":3,"minecraft:crying_obsidian":4,"minecraft:spider_eye":1,"minecraft:firework_rocket":192,"minecraft:netherite_helmet":11,"minecraft:diamond":3,"minecraft:stone_axe":1,"minecraft:granite":8,"minecraft:oak_sapling":2,"minecraft:netherrack":120,"minecraft:coal":71,"minecraft:ender_pearl":19}},"DataVersion":3953}