{"stats":{"minecraft:custom":{"minecraft:interact_with_furnace":18,"minecraft:mob_kills":19,"minecraft:interact_with_crafting_table":24,"minecraft:bell_ring":46,"minecraft:time_since_death":69565,"minecraft:sleep_in_bed":3,"minecraft:time_since_rest":18869,"minecraft:sprint_one_cm":165452,"minecraft:damage_taken":905,"minecraft:walk_one_cm":150371,"minecraft:damage_blocked_by_shield":1685,"minecraft:drop":14,"minecraft:damage_dealt":4015,"minecraft:swim_one_cm":887,"minecraft:fly_one_cm":219578,"minecraft:open_chest":6,"minecraft:crouch_one_cm":44399,"minecraft:play_time":69565,"minecraft:sneak_time":12246,"minecraft:walk_under_water_one_cm":1215,"minecraft:jump":1240,"minecraft:walk_on_water_one_cm":11959,"minecraft:total_world_time":69565,"minecraft:fall_one_cm":28963},"minecraft:mined":{"minecraft:diamond_ore":3,"minecraft:oak_slab":7,"minecraft:white_bed":3,"minecraft:brewing_stand":1,"minecraft:crafting_table":3,"minecraft:torch":1,"minecraft:short_grass":24,"minecraft:grass_block":135,"minecraft:tall_grass":1,"minecraft:cobblestone":10,"minecraft:oak_planks":25,"minecraft:composter":2,"minecraft:oxeye_daisy":1,"minecraft:spawner":3,"minecraft:hay_block":34,"minecraft:furnace":1,"minecraft:carrots":5,"minecraft:iron_ore":43,"minecraft:andesite":12,"minecraft:yellow_bed":7,"minecraft:bell":5,"minecraft:oak_log":60,"minecraft:coal_ore":36,"minecraft:dirt_path":8,"minecraft:dirt":119,"minecraft:cobweb":30,"minecraft:stone":38},"minecraft:dropped":{"minecraft:stone_axe":1,"minecraft:wheat_seeds":3,"minecraft:stone_sword":1,"minecraft:oak_planks":1,"minecraft:grass_block":1,"minecraft:oxeye_daisy":6,"minecraft:brewing_stand":1,"minecraft:oak_sapling":2,"minecraft:stone_pickaxe":1,"minecraft:wooden_pickaxe":1},"minecraft:crafted":{"minecraft:oak_slab":126,"minecraft:oak_planks":236,"minecraft:stone_shovel":1,"minecraft:crafting_table":1,"minecraft:baked_potato":3,"minecraft:wooden_pickaxe":1,"minecraft:iron_sword":1,"minecraft:furnace":2,"minecraft:bone_meal":3,"minecraft:bucket":1,"minecraft:stone_axe":1,"minecraft:bread":77,"minecraft:air":0,"minecraft:oak_trapdoor":4,"minecraft:iron_boots":1,"minecraft:iron_chestplate":1,"minecraft:shield":1,"minecraft:stick":28,"minecraft:iron_ingot":26,"minecraft:iron_pickaxe":1,"minecraft:stone_pickaxe":1,"minecraft:stone_sword":1,"minecraft:chest":2,"minecraft:iron_shovel":1,"minecraft:iron_leggings":1,"minecraft:torch":36,"minecraft:stone_hoe":1,"minecraft:wheat":297},"minecraft:killed":{"minecraft:cave_spider":4,"minecraft:zombie_villager":1,"minecraft:spider":2,"minecraft:iron_golem":1,"minecraft:skeleton":4,"minecraft:zombie":6,"minecraft:enderman":1},"minecraft:used":{"minecraft:oak_trapdoor":3,"minecraft:water_bucket":9,"minecraft:stone_sword":89,"minecraft:iron_shovel":153,"minecraft:rabbit":1,"minecraft:stone_shovel":49,"minecraft:stone_pickaxe":125,"minecraft:baked_potato":3,"minecraft:oak_planks":128,"minecraft:chest":2,"minecraft:shield":18,"minecraft:wooden_pickaxe":4,"minecraft:iron_sword":25,"minecraft:composter":2,"minecraft:bell":3,"minecraft:stone_hoe":121,"minecraft:torch":16,"minecraft:dirt":279,"minecraft:oak_slab":98,"minecraft:crafting_table":4,"minecraft:carrot":15,"minecraft:white_bed":3,"minecraft:apple":2,"minecraft:grass_block":1,"minecraft:bread":18,"minecraft:iron_pickaxe":31,"minecraft:iron_boots":1,"minecraft:stone_axe":92,"minecraft:cobblestone":14,"minecraft:furnace":3,"minecraft:bucket":10,"minecraft:yellow_bed":7,"minecraft:potato":1,"minecraft:iron_leggings":1,"minecraft:bone_meal":3},"minecraft:picked_up":{"minecraft:crafting_table":3,"minecraft:andesite":8,"minecraft:oak_log":59,"minecraft:brewing_stand":2,"minecraft:yellow_bed":7,"minecraft:string":55,"minecraft:dirt":282,"minecraft:bone":2,"minecraft:bow":1,"minecraft:wheat_seeds":9,"minecraft:rabbit_hide":1,"minecraft:bell":5,"minecraft:stone_pickaxe":1,"minecraft:iron_ingot":3,"minecraft:rabbit":1,"minecraft:poppy":2,"minecraft:oak_planks":25,"minecraft:furnace":1,"minecraft:oak_slab":9,"minecraft:raw_iron":43,"minecraft:composter":2,"minecraft:torch":5,"minecraft:carrot":15,"minecraft:white_bed":3,"minecraft:grass_block":2,"minecraft:spider_eye":1,"minecraft:arrow":5,"minecraft:rotten_flesh":7,"minecraft:diamond":3,"minecraft:stone_axe":1,"minecraft:hay_block":33,"minecraft:oak_sapling":2,"minecraft:coal":48,"minecraft:oxeye_daisy":8,"minecraft:cobblestone":51,"minecraft:ender_pearl":1}},"DataVersion":3953}