{"stats":{"minecraft:mined":{"minecraft:gray_terracotta":2,"minecraft:jungle_leaves":1,"minecraft:crafting_table":2,"minecraft:light_gray_terracotta":7,"minecraft:short_grass":3,"minecraft:red_sand":9,"minecraft:jungle_log":5,"minecraft:copper_ore":1,"minecraft:sugar_cane":27,"minecraft:seagrass":1,"minecraft:white_terracotta":15,"minecraft:furnace":1,"minecraft:iron_ore":11,"minecraft:coal_ore":21,"minecraft:vine":1,"minecraft:terracotta":6,"minecraft:stone":54,"minecraft:gold_ore":17,"minecraft:oak_leaves":1,"minecraft:fern":1},"minecraft:custom":{"minecraft:interact_with_furnace":7,"minecraft:mob_kills":15,"minecraft:interact_with_crafting_table":6,"minecraft:time_since_death":0,"minecraft:climb_one_cm":595,"minecraft:time_since_rest":7,"minecraft:sprint_one_cm":71132,"minecraft:damage_taken":1019,"minecraft:walk_one_cm":39504,"minecraft:drop":6,"minecraft:damage_dealt":2444,"minecraft:swim_one_cm":14280,"minecraft:fly_one_cm":188578,"minecraft:crouch_one_cm":11010,"minecraft:play_time":97872,"minecraft:deaths":2,"minecraft:sneak_time":3451,"minecraft:walk_under_water_one_cm":5099,"minecraft:jump":961,"minecraft:walk_on_water_one_cm":6523,"minecraft:total_world_time":97872,"minecraft:fall_one_cm":36361},"minecraft:dropped":{"minecraft:sugar_cane":2,"minecraft:wheat_seeds":1,"minecraft:cooked_beef":4,"minecraft:jungle_sapling":1,"minecraft:stone_pickaxe":1,"minecraft:wooden_pickaxe":1},"minecraft:used":{"minecraft:red_sand":9,"minecraft:stone_sword":44,"minecraft:stone_pickaxe":52,"minecraft:wooden_pickaxe":12,"minecraft:white_terracotta":7,"minecraft:terracotta":6,"minecraft:crafting_table":3,"minecraft:light_gray_terracotta":4,"minecraft:iron_pickaxe":76,"minecraft:stone_axe":4,"minecraft:cobblestone":11,"minecraft:furnace":1,"minecraft:brush":1,"minecraft:cooked_beef":6},"minecraft:crafted":{"minecraft:stone_shovel":1,"minecraft:crafting_table":2,"minecraft:wooden_pickaxe":1,"minecraft:brush":1,"minecraft:furnace":1,"minecraft:copper_ingot":1,"minecraft:stone_axe":1,"minecraft:air":0,"minecraft:jungle_planks":20,"minecraft:stick":16,"minecraft:iron_ingot":7,"minecraft:iron_pickaxe":1,"minecraft:stone_pickaxe":1,"minecraft:stone_sword":1,"minecraft:gold_ingot":3},"minecraft:killed_by":{"minecraft:creeper":1},"minecraft:picked_up":{"minecraft:crafting_table":2,"minecraft:feather":2,"minecraft:cooked_beef":4,"minecraft:chicken":3,"minecraft:jungle_log":5,"minecraft:string":3,"minecraft:raw_copper":3,"minecraft:gray_terracotta":2,"minecraft:wheat_seeds":1,"minecraft:orange_tulip":1,"minecraft:red_sand":9,"minecraft:raw_gold":17,"minecraft:jungle_sapling":2,"minecraft:poppy":1,"minecraft:sugar_cane":66,"minecraft:furnace":1,"minecraft:stick":2,"minecraft:raw_iron":11,"minecraft:light_gray_terracotta":7,"minecraft:rotten_flesh":2,"minecraft:terracotta":6,"minecraft:white_terracotta":14,"minecraft:coal":24,"minecraft:cobblestone":52,"minecraft:ender_pearl":1},"minecraft:killed":{"minecraft:armadillo":1,"minecraft:husk":2,"minecraft:spider":3,"minecraft:creeper":1,"minecraft:zombie":4,"minecraft:chicken":3,"minecraft:enderman":1}},"DataVersion":3953}