{"stats":{"minecraft:custom":{"minecraft:mob_kills":35,"minecraft:interact_with_crafting_table":33,"minecraft:bell_ring":70,"minecraft:time_since_death":111565,"minecraft:sprint_one_cm":282335,"minecraft:walk_one_cm":252099,"minecraft:damage_blocked_by_shield":2979,"minecraft:drop":21,"minecraft:talked_to_villager":1,"minecraft:play_time":111565,"minecraft:sneak_time":16576,"minecraft:walk_under_water_one_cm":1447,"minecraft:jump":2394,"minecraft:walk_on_water_one_cm":23191,"minecraft:total_world_time":111565,"minecraft:interact_with_furnace":24,"minecraft:sleep_in_bed":5,"minecraft:time_since_rest":637,"minecraft:damage_taken":1470,"minecraft:damage_dealt":6611,"minecraft:swim_one_cm":1455,"minecraft:fly_one_cm":430302,"minecraft:open_chest":13,"minecraft:crouch_one_cm":62461,"minecraft:fall_one_cm":62831},"minecraft:mined":{"minecraft:diamond_ore":3,"minecraft:white_bed":4,"minecraft:brewing_stand":1,"minecraft:obsidian":17,"minecraft:grass_block":264,"minecraft:composter":2,"minecraft:oxeye_daisy":3,"minecraft:spawner":3,"minecraft:hay_block":34,"minecraft:raw_iron_block":1,"minecraft:furnace":2,"minecraft:carrots":31,"minecraft:iron_ore":66,"minecraft:andesite":13,"minecraft:bell":5,"minecraft:potatoes":1,"minecraft:dirt_path":11,"minecraft:deepslate_iron_ore":2,"minecraft:rail":16,"minecraft:oak_stairs":2,"minecraft:stone":45,"minecraft:oak_slab":8,"minecraft:crafting_table":5,"minecraft:torch":1,"minecraft:short_grass":38,"minecraft:cobblestone":11,"minecraft:tall_grass":1,"minecraft:lapis_ore":3,"minecraft:deepslate_gold_ore":1,"minecraft:oak_planks":49,"minecraft:wheat":2,"minecraft:yellow_bed":14,"minecraft:coal_ore":36,"minecraft:oak_log":60,"minecraft:gravel":2,"minecraft:dirt":226,"minecraft:cobweb":34,"minecraft:deepslate":33},"minecraft:dropped":{"minecraft:stone_hoe":1,"minecraft:wheat_seeds":4,"minecraft:poisonous_potato":1,"minecraft:grass_block":1,"minecraft:oxeye_daisy":6,"minecraft:brewing_stand":1,"minecraft:iron_pickaxe":1,"minecraft:stone_axe":2,"minecraft:oak_trapdoor":1,"minecraft:stone_sword":1,"minecraft:oak_planks":1,"minecraft:oak_sapling":2,"minecraft:stone_pickaxe":2,"minecraft:wooden_pickaxe":1},"minecraft:broken":{"minecraft:iron_shovel":1,"minecraft:shield":1},"minecraft:crafted":{"minecraft:oak_planks":236,"minecraft:raw_iron":9,"minecraft:stone_shovel":1,"minecraft:furnace":2,"minecraft:bone_meal":27,"minecraft:flint_and_steel":1,"minecraft:oak_trapdoor":4,"minecraft:iron_boots":1,"minecraft:iron_axe":1,"minecraft:stone_pickaxe":1,"minecraft:chest":2,"minecraft:stone_hoe":1,"minecraft:wheat":297,"minecraft:oak_slab":126,"minecraft:crafting_table":1,"minecraft:wooden_pickaxe":1,"minecraft:baked_potato":14,"minecraft:iron_helmet":1,"minecraft:iron_sword":1,"minecraft:bucket":1,"minecraft:stone_axe":1,"minecraft:bread":98,"minecraft:air":0,"minecraft:iron_chestplate":1,"minecraft:diamond_pickaxe":1,"minecraft:shield":2,"minecraft:stick":36,"minecraft:iron_ingot":41,"minecraft:iron_pickaxe":1,"minecraft:stone_sword":1,"minecraft:iron_shovel":2,"minecraft:iron_leggings":1,"minecraft:torch":36},"minecraft:killed":{"minecraft:cave_spider":4,"minecraft:spider":3,"minecraft:skeleton":15,"minecraft:zombie_villager":1,"minecraft:iron_golem":1,"minecraft:zombie":9,"minecraft:enderman":1},"minecraft:used":{"minecraft:oak_trapdoor":3,"minecraft:stone_sword":89,"minecraft:iron_shovel":388,"minecraft:flint_and_steel":2,"minecraft:stone_shovel":49,"minecraft:chest":2,"minecraft:shield":42,"minecraft:iron_sword":54,"minecraft:bell":5,"minecraft:stone_hoe":121,"minecraft:torch":31,"minecraft:dirt":450,"minecraft:carrot":99,"minecraft:obsidian":13,"minecraft:villager_spawn_egg":2,"minecraft:grass_block":1,"minecraft:iron_axe":47,"minecraft:iron_helmet":1,"minecraft:iron_boots":1,"minecraft:furnace":3,"minecraft:potato":1,"minecraft:iron_leggings":1,"minecraft:wheat_seeds":2,"minecraft:water_bucket":25,"minecraft:rabbit":1,"minecraft:stone_pickaxe":125,"minecraft:baked_potato":3,"minecraft:oak_planks":128,"minecraft:wooden_pickaxe":4,"minecraft:composter":2,"minecraft:oak_slab":100,"minecraft:crafting_table":6,"minecraft:white_bed":3,"minecraft:diamond_pickaxe":21,"minecraft:apple":2,"minecraft:oxeye_daisy":6,"minecraft:bread":34,"minecraft:iron_pickaxe":117,"minecraft:stone_axe":92,"minecraft:cobblestone":33,"minecraft:bucket":25,"minecraft:andesite":9,"minecraft:yellow_bed":11,"minecraft:bone_meal":27},"minecraft:picked_up":{"minecraft:crafting_table":5,"minecraft:wheat":1,"minecraft:azure_bluet":7,"minecraft:oak_stairs":2,"minecraft:brewing_stand":2,"minecraft:string":66,"minecraft:cobbled_deepslate":30,"minecraft:poppy":2,"minecraft:iron_pickaxe":1,"minecraft:egg":2,"minecraft:furnace":2,"minecraft:raw_iron":77,"minecraft:composter":2,"minecraft:torch":5,"minecraft:carrot":102,"minecraft:arrow":12,"minecraft:rotten_flesh":10,"minecraft:hay_block":33,"minecraft:obsidian":17,"minecraft:cobblestone":60,"minecraft:rail":16,"minecraft:oxeye_daisy":16,"minecraft:andesite":9,"minecraft:potato":4,"minecraft:flint":1,"minecraft:oak_log":59,"minecraft:yellow_bed":14,"minecraft:dirt":512,"minecraft:lapis_lazuli":21,"minecraft:bone":15,"minecraft:bow":2,"minecraft:wheat_seeds":14,"minecraft:raw_gold":1,"minecraft:bell":5,"minecraft:rabbit_hide":1,"minecraft:iron_ingot":6,"minecraft:stone_pickaxe":1,"minecraft:rabbit":1,"minecraft:oak_planks":49,"minecraft:oak_slab":10,"minecraft:poisonous_potato":1,"minecraft:raw_iron_block":1,"minecraft:gravel":1,"minecraft:white_bed":4,"minecraft:grass_block":2,"minecraft:spider_eye":1,"minecraft:diamond":3,"minecraft:stone_axe":1,"minecraft:oak_sapling":2,"minecraft:coal":69,"minecraft:ender_pearl":1}},"DataVersion":3953}