{"stats":{"minecraft:custom":{"minecraft:interact_with_furnace":5,"minecraft:mob_kills":7,"minecraft:interact_with_crafting_table":14,"minecraft:bell_ring":46,"minecraft:time_since_death":45565,"minecraft:sleep_in_bed":2,"minecraft:time_since_rest":9482,"minecraft:sprint_one_cm":85133,"minecraft:damage_taken":255,"minecraft:walk_one_cm":101793,"minecraft:damage_blocked_by_shield":585,"minecraft:drop":12,"minecraft:damage_dealt":2307,"minecraft:swim_one_cm":688,"minecraft:fly_one_cm":155381,"minecraft:open_chest":2,"minecraft:crouch_one_cm":30445,"minecraft:play_time":45565,"minecraft:sneak_time":7479,"minecraft:walk_under_water_one_cm":1166,"minecraft:jump":858,"minecraft:walk_on_water_one_cm":7330,"minecraft:total_world_time":45565,"minecraft:fall_one_cm":20263},"minecraft:mined":{"minecraft:oak_slab":7,"minecraft:white_bed":3,"minecraft:brewing_stand":1,"minecraft:crafting_table":1,"minecraft:torch":1,"minecraft:short_grass":20,"minecraft:grass_block":132,"minecraft:tall_grass":1,"minecraft:cobblestone":10,"minecraft:oak_planks":15,"minecraft:composter":2,"minecraft:iron_ore":2,"minecraft:yellow_bed":7,"minecraft:bell":5,"minecraft:oak_log":60,"minecraft:coal_ore":1,"minecraft:dirt_path":8,"minecraft:dirt":110,"minecraft:stone":26},"minecraft:dropped":{"minecraft:stone_axe":1,"minecraft:wheat_seeds":3,"minecraft:oak_planks":1,"minecraft:grass_block":1,"minecraft:oxeye_daisy":6,"minecraft:brewing_stand":1,"minecraft:oak_sapling":2,"minecraft:wooden_pickaxe":1},"minecraft:crafted":{"minecraft:oak_slab":126,"minecraft:oak_planks":236,"minecraft:stone_shovel":1,"minecraft:crafting_table":1,"minecraft:baked_potato":3,"minecraft:wooden_pickaxe":1,"minecraft:furnace":1,"minecraft:bucket":1,"minecraft:stone_axe":1,"minecraft:air":0,"minecraft:oak_trapdoor":4,"minecraft:shield":1,"minecraft:stick":16,"minecraft:iron_ingot":2,"minecraft:stone_pickaxe":1,"minecraft:stone_sword":1,"minecraft:iron_shovel":1,"minecraft:stone_hoe":1},"minecraft:killed":{"minecraft:spider":1,"minecraft:iron_golem":1,"minecraft:skeleton":1,"minecraft:zombie":3,"minecraft:enderman":1},"minecraft:used":{"minecraft:oak_trapdoor":3,"minecraft:water_bucket":5,"minecraft:stone_sword":40,"minecraft:iron_shovel":150,"minecraft:rabbit":1,"minecraft:stone_shovel":49,"minecraft:stone_pickaxe":47,"minecraft:baked_potato":1,"minecraft:oak_planks":128,"minecraft:shield":12,"minecraft:wooden_pickaxe":4,"minecraft:composter":1,"minecraft:bell":3,"minecraft:stone_hoe":83,"minecraft:torch":1,"minecraft:dirt":216,"minecraft:oak_slab":85,"minecraft:crafting_table":2,"minecraft:white_bed":3,"minecraft:apple":2,"minecraft:grass_block":1,"minecraft:bread":4,"minecraft:stone_axe":80,"minecraft:cobblestone":14,"minecraft:furnace":1,"minecraft:bucket":6,"minecraft:yellow_bed":7,"minecraft:potato":1},"minecraft:picked_up":{"minecraft:crafting_table":1,"minecraft:oak_log":59,"minecraft:brewing_stand":2,"minecraft:yellow_bed":7,"minecraft:dirt":270,"minecraft:bone":1,"minecraft:wheat_seeds":8,"minecraft:rabbit_hide":1,"minecraft:bell":5,"minecraft:iron_ingot":3,"minecraft:rabbit":1,"minecraft:poppy":2,"minecraft:oak_planks":16,"minecraft:oak_slab":9,"minecraft:raw_iron":2,"minecraft:composter":2,"minecraft:torch":4,"minecraft:white_bed":3,"minecraft:grass_block":2,"minecraft:spider_eye":1,"minecraft:arrow":2,"minecraft:rotten_flesh":5,"minecraft:stone_axe":1,"minecraft:oak_sapling":2,"minecraft:coal":1,"minecraft:oxeye_daisy":6,"minecraft:cobblestone":35,"minecraft:ender_pearl":1}},"DataVersion":3953}