{"stats":{"minecraft:custom":{"minecraft:interact_with_furnace":9,"minecraft:mob_kills":11,"minecraft:interact_with_crafting_table":19,"minecraft:bell_ring":46,"minecraft:time_since_death":57565,"minecraft:sleep_in_bed":3,"minecraft:time_since_rest":6869,"minecraft:sprint_one_cm":125174,"minecraft:damage_taken":525,"minecraft:walk_one_cm":128366,"minecraft:damage_blocked_by_shield":1119,"minecraft:drop":12,"minecraft:damage_dealt":2821,"minecraft:swim_one_cm":688,"minecraft:fly_one_cm":207169,"minecraft:open_chest":5,"minecraft:crouch_one_cm":36083,"minecraft:play_time":57565,"minecraft:sneak_time":9161,"minecraft:walk_under_water_one_cm":1166,"minecraft:jump":1120,"minecraft:walk_on_water_one_cm":9698,"minecraft:total_world_time":57565,"minecraft:fall_one_cm":28069},"minecraft:mined":{"minecraft:oak_slab":7,"minecraft:white_bed":3,"minecraft:brewing_stand":1,"minecraft:crafting_table":2,"minecraft:torch":1,"minecraft:short_grass":24,"minecraft:grass_block":135,"minecraft:tall_grass":1,"minecraft:cobblestone":10,"minecraft:oak_planks":15,"minecraft:composter":2,"minecraft:oxeye_daisy":1,"minecraft:spawner":1,"minecraft:hay_block":34,"minecraft:carrots":5,"minecraft:iron_ore":7,"minecraft:yellow_bed":7,"minecraft:bell":5,"minecraft:oak_log":60,"minecraft:coal_ore":1,"minecraft:dirt_path":8,"minecraft:dirt":112,"minecraft:cobweb":17,"minecraft:stone":30},"minecraft:dropped":{"minecraft:stone_axe":1,"minecraft:wheat_seeds":3,"minecraft:oak_planks":1,"minecraft:grass_block":1,"minecraft:oxeye_daisy":6,"minecraft:brewing_stand":1,"minecraft:oak_sapling":2,"minecraft:wooden_pickaxe":1},"minecraft:crafted":{"minecraft:oak_slab":126,"minecraft:oak_planks":236,"minecraft:stone_shovel":1,"minecraft:crafting_table":1,"minecraft:baked_potato":3,"minecraft:wooden_pickaxe":1,"minecraft:furnace":2,"minecraft:bone_meal":3,"minecraft:bucket":1,"minecraft:stone_axe":1,"minecraft:bread":77,"minecraft:air":0,"minecraft:oak_trapdoor":4,"minecraft:shield":1,"minecraft:stick":16,"minecraft:iron_ingot":2,"minecraft:stone_pickaxe":1,"minecraft:stone_sword":1,"minecraft:chest":2,"minecraft:iron_shovel":1,"minecraft:stone_hoe":1,"minecraft:wheat":297},"minecraft:killed":{"minecraft:spider":2,"minecraft:iron_golem":1,"minecraft:skeleton":3,"minecraft:zombie":4,"minecraft:enderman":1},"minecraft:used":{"minecraft:oak_trapdoor":3,"minecraft:water_bucket":7,"minecraft:stone_sword":69,"minecraft:iron_shovel":150,"minecraft:rabbit":1,"minecraft:stone_shovel":49,"minecraft:stone_pickaxe":57,"minecraft:baked_potato":3,"minecraft:oak_planks":128,"minecraft:chest":2,"minecraft:shield":15,"minecraft:wooden_pickaxe":4,"minecraft:composter":2,"minecraft:bell":3,"minecraft:stone_hoe":121,"minecraft:torch":4,"minecraft:dirt":247,"minecraft:oak_slab":98,"minecraft:crafting_table":3,"minecraft:carrot":15,"minecraft:white_bed":3,"minecraft:apple":2,"minecraft:grass_block":1,"minecraft:bread":10,"minecraft:stone_axe":81,"minecraft:cobblestone":14,"minecraft:furnace":2,"minecraft:bucket":8,"minecraft:yellow_bed":7,"minecraft:potato":1,"minecraft:bone_meal":3},"minecraft:picked_up":{"minecraft:crafting_table":2,"minecraft:oak_log":59,"minecraft:brewing_stand":2,"minecraft:yellow_bed":7,"minecraft:string":23,"minecraft:dirt":276,"minecraft:bone":2,"minecraft:bow":1,"minecraft:wheat_seeds":9,"minecraft:rabbit_hide":1,"minecraft:bell":5,"minecraft:iron_ingot":3,"minecraft:rabbit":1,"minecraft:poppy":2,"minecraft:oak_planks":16,"minecraft:oak_slab":9,"minecraft:raw_iron":7,"minecraft:composter":2,"minecraft:torch":4,"minecraft:carrot":15,"minecraft:white_bed":3,"minecraft:grass_block":2,"minecraft:spider_eye":1,"minecraft:arrow":5,"minecraft:rotten_flesh":5,"minecraft:stone_axe":1,"minecraft:hay_block":33,"minecraft:oak_sapling":2,"minecraft:coal":1,"minecraft:oxeye_daisy":8,"minecraft:cobblestone":44,"minecraft:ender_pearl":1}},"DataVersion":3953}