{"stats":{"minecraft:mined":{"minecraft:seagrass":1,"minecraft:white_terracotta":2,"minecraft:jungle_leaves":1,"minecraft:crafting_table":2,"minecraft:light_gray_terracotta":1,"minecraft:short_grass":2,"minecraft:red_sand":9,"minecraft:coal_ore":6,"minecraft:vine":1,"minecraft:jungle_log":5,"minecraft:copper_ore":1,"minecraft:terracotta":6,"minecraft:stone":20,"minecraft:sugar_cane":27,"minecraft:fern":1},"minecraft:custom":{"minecraft:time_since_rest":85872,"minecraft:sprint_one_cm":45411,"minecraft:damage_taken":340,"minecraft:walk_one_cm":20249,"minecraft:mob_kills":6,"minecraft:drop":5,"minecraft:damage_dealt":1270,"minecraft:swim_one_cm":11733,"minecraft:interact_with_crafting_table":3,"minecraft:fly_one_cm":129078,"minecraft:crouch_one_cm":5328,"minecraft:play_time":85872,"minecraft:sneak_time":1783,"minecraft:walk_under_water_one_cm":1787,"minecraft:jump":623,"minecraft:time_since_death":85872,"minecraft:walk_on_water_one_cm":2388,"minecraft:climb_one_cm":361,"minecraft:total_world_time":85872,"minecraft:fall_one_cm":23318},"minecraft:dropped":{"minecraft:sugar_cane":2,"minecraft:wheat_seeds":1,"minecraft:cooked_beef":4,"minecraft:jungle_sapling":1,"minecraft:wooden_pickaxe":1},"minecraft:used":{"minecraft:red_sand":9,"minecraft:stone_sword":19,"minecraft:stone_pickaxe":29,"minecraft:wooden_pickaxe":12,"minecraft:stone_axe":3,"minecraft:terracotta":5,"minecraft:crafting_table":2,"minecraft:cooked_beef":4},"minecraft:crafted":{"minecraft:stone_shovel":1,"minecraft:crafting_table":1,"minecraft:stick":12,"minecraft:wooden_pickaxe":1,"minecraft:stone_pickaxe":1,"minecraft:stone_sword":1,"minecraft:stone_axe":1,"minecraft:jungle_planks":20},"minecraft:picked_up":{"minecraft:stick":2,"minecraft:crafting_table":2,"minecraft:cooked_beef":4,"minecraft:jungle_log":5,"minecraft:raw_copper":3,"minecraft:light_gray_terracotta":1,"minecraft:rotten_flesh":2,"minecraft:wheat_seeds":1,"minecraft:red_sand":9,"minecraft:white_terracotta":2,"minecraft:jungle_sapling":2,"minecraft:terracotta":6,"minecraft:sugar_cane":66,"minecraft:coal":6,"minecraft:cobblestone":20},"minecraft:killed":{"minecraft:husk":2,"minecraft:armadillo":1,"minecraft:zombie":2,"minecraft:creeper":1}},"DataVersion":3953}