{"stats":{"minecraft:custom":{"minecraft:mob_kills":37,"minecraft:interact_with_crafting_table":34,"minecraft:open_barrel":1,"minecraft:bell_ring":70,"minecraft:time_since_death":135565,"minecraft:sprint_one_cm":323770,"minecraft:walk_one_cm":288809,"minecraft:damage_blocked_by_shield":3114,"minecraft:drop":53,"minecraft:talked_to_villager":1,"minecraft:play_time":135565,"minecraft:sneak_time":22852,"minecraft:walk_under_water_one_cm":1447,"minecraft:boat_one_cm":7869,"minecraft:jump":2969,"minecraft:walk_on_water_one_cm":23349,"minecraft:total_world_time":135565,"minecraft:interact_with_furnace":24,"minecraft:sleep_in_bed":5,"minecraft:time_since_rest":24637,"minecraft:damage_taken":2354,"minecraft:damage_dealt":6771,"minecraft:swim_one_cm":1455,"minecraft:fly_one_cm":516836,"minecraft:open_chest":14,"minecraft:crouch_one_cm":85468,"minecraft:fall_one_cm":82976},"minecraft:mined":{"minecraft:diamond_ore":3,"minecraft:white_bed":4,"minecraft:quartz_stairs":3,"minecraft:brewing_stand":1,"minecraft:obsidian":28,"minecraft:stripped_crimson_hyphae":2,"minecraft:grass_block":278,"minecraft:composter":2,"minecraft:oxeye_daisy":3,"minecraft:cracked_nether_bricks":1,"minecraft:spawner":3,"minecraft:hay_block":34,"minecraft:raw_iron_block":1,"minecraft:furnace":2,"minecraft:carrots":31,"minecraft:iron_ore":66,"minecraft:fire":3,"minecraft:andesite":13,"minecraft:gold_block":2,"minecraft:bell":5,"minecraft:potatoes":1,"minecraft:dirt_path":11,"minecraft:deepslate_iron_ore":2,"minecraft:rail":16,"minecraft:oak_stairs":2,"minecraft:quartz_slab":1,"minecraft:stone":45,"minecraft:bone_block":21,"minecraft:oak_slab":8,"minecraft:twisting_vines_plant":1,"minecraft:basalt":84,"minecraft:crafting_table":6,"minecraft:torch":1,"minecraft:short_grass":40,"minecraft:cobblestone":11,"minecraft:tall_grass":1,"minecraft:lapis_ore":3,"minecraft:deepslate_gold_ore":1,"minecraft:polished_blackstone_brick_stairs":1,"minecraft:oak_planks":49,"minecraft:warped_planks":1,"minecraft:wheat":2,"minecraft:black_bed":1,"minecraft:yellow_bed":14,"minecraft:coal_ore":36,"minecraft:oak_log":60,"minecraft:gravel":2,"minecraft:dirt":263,"minecraft:crimson_planks":2,"minecraft:cobweb":34,"minecraft:netherrack":129,"minecraft:deepslate":33},"minecraft:dropped":{"minecraft:stone_hoe":1,"minecraft:soul_sand":4,"minecraft:wheat_seeds":6,"minecraft:poisonous_potato":1,"minecraft:grass_block":1,"minecraft:oxeye_daisy":8,"minecraft:brewing_stand":1,"minecraft:iron_pickaxe":1,"minecraft:bone":6,"minecraft:gold_ingot":15,"minecraft:stone_axe":2,"minecraft:blackstone":23,"minecraft:oak_trapdoor":1,"minecraft:stone_sword":1,"minecraft:twisting_vines":1,"minecraft:rotten_flesh":3,"minecraft:oak_planks":1,"minecraft:azure_bluet":7,"minecraft:warped_planks":1,"minecraft:carrot":6,"minecraft:quartz_stairs":3,"minecraft:oak_sapling":2,"minecraft:stone_pickaxe":2,"minecraft:wooden_pickaxe":1,"minecraft:crying_obsidian":4,"minecraft:cracked_nether_bricks":1,"minecraft:quartz_slab":1},"minecraft:broken":{"minecraft:iron_shovel":1,"minecraft:shield":1},"minecraft:crafted":{"minecraft:oak_planks":236,"minecraft:raw_iron":9,"minecraft:stone_shovel":1,"minecraft:furnace":2,"minecraft:bone_meal":27,"minecraft:flint_and_steel":1,"minecraft:oak_trapdoor":4,"minecraft:iron_boots":1,"minecraft:iron_axe":1,"minecraft:stone_pickaxe":1,"minecraft:chest":2,"minecraft:stone_hoe":1,"minecraft:wheat":297,"minecraft:oak_slab":126,"minecraft:crafting_table":2,"minecraft:wooden_pickaxe":1,"minecraft:baked_potato":14,"minecraft:iron_helmet":1,"minecraft:iron_sword":1,"minecraft:bucket":1,"minecraft:stone_axe":1,"minecraft:bread":98,"minecraft:air":0,"minecraft:oak_boat":1,"minecraft:iron_chestplate":1,"minecraft:diamond_pickaxe":1,"minecraft:shield":2,"minecraft:stick":36,"minecraft:iron_ingot":41,"minecraft:iron_pickaxe":1,"minecraft:stone_sword":1,"minecraft:gold_ingot":18,"minecraft:iron_shovel":2,"minecraft:iron_leggings":1,"minecraft:torch":36},"minecraft:killed":{"minecraft:cave_spider":4,"minecraft:spider":3,"minecraft:skeleton":15,"minecraft:piglin":1,"minecraft:zombie_villager":1,"minecraft:iron_golem":1,"minecraft:zombie":9,"minecraft:ghast":1,"minecraft:enderman":1},"minecraft:used":{"minecraft:oak_trapdoor":3,"minecraft:stone_sword":89,"minecraft:iron_shovel":438,"minecraft:flint_and_steel":3,"minecraft:stone_shovel":49,"minecraft:chest":2,"minecraft:shield":44,"minecraft:iron_sword":58,"minecraft:bell":5,"minecraft:stone_hoe":121,"minecraft:netherrack":120,"minecraft:torch":31,"minecraft:dirt":515,"minecraft:carrot":99,"minecraft:obsidian":24,"minecraft:villager_spawn_egg":2,"minecraft:grass_block":1,"minecraft:iron_axe":54,"minecraft:iron_helmet":1,"minecraft:iron_boots":1,"minecraft:crimson_planks":2,"minecraft:basalt":50,"minecraft:bow":2,"minecraft:furnace":3,"minecraft:potato":1,"minecraft:cobbled_deepslate":30,"minecraft:iron_leggings":1,"minecraft:wheat_seeds":2,"minecraft:water_bucket":26,"minecraft:rabbit":1,"minecraft:stone_pickaxe":125,"minecraft:baked_potato":8,"minecraft:oak_planks":128,"minecraft:wooden_pickaxe":4,"minecraft:composter":2,"minecraft:oak_slab":106,"minecraft:crafting_table":7,"minecraft:white_bed":3,"minecraft:diamond_pickaxe":274,"minecraft:apple":2,"minecraft:oxeye_daisy":6,"minecraft:bread":46,"minecraft:iron_pickaxe":117,"minecraft:stone_axe":92,"minecraft:fire_charge":1,"minecraft:cobblestone":33,"minecraft:stripped_crimson_hyphae":2,"minecraft:bucket":27,"minecraft:andesite":9,"minecraft:yellow_bed":11,"minecraft:oak_boat":3,"minecraft:bone_meal":27},"minecraft:picked_up":{"minecraft:crafting_table":6,"minecraft:wheat":1,"minecraft:azure_bluet":7,"minecraft:oak_stairs":2,"minecraft:gold_block":2,"minecraft:potion":1,"minecraft:crimson_planks":2,"minecraft:brewing_stand":2,"minecraft:string":66,"minecraft:quartz_slab":1,"minecraft:blackstone":23,"minecraft:cobbled_deepslate":30,"minecraft:oak_boat":3,"minecraft:poppy":2,"minecraft:iron_pickaxe":1,"minecraft:quartz_stairs":3,"minecraft:egg":2,"minecraft:furnace":2,"minecraft:stripped_crimson_hyphae":2,"minecraft:raw_iron":77,"minecraft:composter":2,"minecraft:torch":5,"minecraft:fire_charge":2,"minecraft:crimson_button":1,"minecraft:warped_planks":1,"minecraft:carrot":105,"minecraft:arrow":12,"minecraft:rotten_flesh":10,"minecraft:hay_block":33,"minecraft:gold_ingot":2,"minecraft:obsidian":29,"minecraft:bone_block":20,"minecraft:cobblestone":60,"minecraft:rail":16,"minecraft:oxeye_daisy":16,"minecraft:basalt":50,"minecraft:andesite":9,"minecraft:leather":4,"minecraft:black_bed":1,"minecraft:potato":4,"minecraft:flint":1,"minecraft:oak_log":59,"minecraft:yellow_bed":14,"minecraft:dirt":563,"minecraft:lapis_lazuli":21,"minecraft:twisting_vines":1,"minecraft:bone":15,"minecraft:bow":2,"minecraft:wheat_seeds":14,"minecraft:raw_gold":1,"minecraft:bell":5,"minecraft:rabbit_hide":1,"minecraft:iron_ingot":6,"minecraft:stone_pickaxe":1,"minecraft:rabbit":1,"minecraft:soul_sand":4,"minecraft:oak_planks":49,"minecraft:oak_slab":10,"minecraft:cracked_nether_bricks":1,"minecraft:poisonous_potato":1,"minecraft:raw_iron_block":1,"minecraft:gravel":1,"minecraft:spectral_arrow":11,"minecraft:white_bed":4,"minecraft:grass_block":2,"minecraft:crying_obsidian":4,"minecraft:spider_eye":1,"minecraft:diamond":3,"minecraft:stone_axe":1,"minecraft:oak_sapling":2,"minecraft:netherrack":120,"minecraft:coal":69,"minecraft:ender_pearl":1}},"DataVersion":3953}