{"stats":{"minecraft:mined":{"minecraft:short_grass":1,"minecraft:red_sand":9,"minecraft:vine":1,"minecraft:jungle_log":5,"minecraft:jungle_leaves":1,"minecraft:sugar_cane":3,"minecraft:fern":1},"minecraft:custom":{"minecraft:time_since_rest":73872,"minecraft:crouch_one_cm":1388,"minecraft:play_time":73872,"minecraft:sprint_one_cm":4435,"minecraft:walk_one_cm":4422,"minecraft:sneak_time":530,"minecraft:jump":86,"minecraft:time_since_death":73872,"minecraft:total_world_time":73872,"minecraft:climb_one_cm":361,"minecraft:interact_with_crafting_table":1,"minecraft:fall_one_cm":2566,"minecraft:fly_one_cm":19435},"minecraft:used":{"minecraft:red_sand":9,"minecraft:crafting_table":1,"minecraft:wooden_pickaxe":5},"minecraft:crafted":{"minecraft:crafting_table":1,"minecraft:stick":4,"minecraft:wooden_pickaxe":1,"minecraft:jungle_planks":20},"minecraft:picked_up":{"minecraft:jungle_log":5,"minecraft:wheat_seeds":1,"minecraft:red_sand":9,"minecraft:sugar_cane":8}},"DataVersion":3953}