{"stats":{"minecraft:custom":{"minecraft:time_since_rest":2239,"minecraft:sprint_one_cm":47844,"minecraft:damage_taken":60,"minecraft:walk_one_cm":35969,"minecraft:mob_kills":1,"minecraft:drop":10,"minecraft:damage_dealt":1001,"minecraft:interact_with_crafting_table":5,"minecraft:fly_one_cm":90908,"minecraft:open_chest":2,"minecraft:crouch_one_cm":7352,"minecraft:play_time":21565,"minecraft:sneak_time":2458,"minecraft:bell_ring":46,"minecraft:walk_under_water_one_cm":164,"minecraft:jump":432,"minecraft:time_since_death":21565,"minecraft:walk_on_water_one_cm":174,"minecraft:sleep_in_bed":1,"minecraft:total_world_time":21565,"minecraft:fall_one_cm":11700},"minecraft:mined":{"minecraft:white_bed":3,"minecraft:brewing_stand":1,"minecraft:yellow_bed":7,"minecraft:crafting_table":1,"minecraft:bell":5,"minecraft:short_grass":5,"minecraft:grass_block":52,"minecraft:oak_log":7,"minecraft:dirt_path":7,"minecraft:dirt":34,"minecraft:tall_grass":1,"minecraft:cobblestone":3,"minecraft:stone":18,"minecraft:composter":2},"minecraft:dropped":{"minecraft:oxeye_daisy":6,"minecraft:stone_axe":1,"minecraft:wheat_seeds":3,"minecraft:brewing_stand":1,"minecraft:oak_sapling":2,"minecraft:wooden_pickaxe":1},"minecraft:crafted":{"minecraft:oak_planks":28,"minecraft:stone_shovel":1,"minecraft:crafting_table":1,"minecraft:stick":12,"minecraft:wooden_pickaxe":1,"minecraft:stone_pickaxe":1,"minecraft:stone_sword":1,"minecraft:bucket":1,"minecraft:stone_axe":1},"minecraft:killed":{"minecraft:iron_golem":1},"minecraft:used":{"minecraft:stone_sword":15,"minecraft:stone_shovel":49,"minecraft:bread":4,"minecraft:stone_pickaxe":26,"minecraft:wooden_pickaxe":4,"minecraft:bell":3,"minecraft:stone_axe":3,"minecraft:dirt":92,"minecraft:cobblestone":5,"minecraft:crafting_table":2,"minecraft:white_bed":1,"minecraft:yellow_bed":5},"minecraft:picked_up":{"minecraft:crafting_table":1,"minecraft:composter":2,"minecraft:torch":3,"minecraft:oak_log":7,"minecraft:brewing_stand":2,"minecraft:yellow_bed":7,"minecraft:white_bed":3,"minecraft:dirt":93,"minecraft:stone_axe":1,"minecraft:wheat_seeds":4,"minecraft:bell":5,"minecraft:rabbit_hide":1,"minecraft:iron_ingot":3,"minecraft:poppy":2,"minecraft:rabbit":1,"minecraft:oak_sapling":2,"minecraft:cobblestone":20,"minecraft:oxeye_daisy":6}},"DataVersion":3953}